Region,Average_Cycle_Time
Asia,28.727272727272727
Central America and the Caribbean,26.714285714285715
North America,25.666666666666668
Australia and Oceania,24.272727272727273
Middle East and North Africa,24.2
Europe,24.136363636363637
Sub-Saharan Africa,19.88888888888889
